id,PLAYER,TEAM,POSITION,PRICE,MINUTES,Linear Regression POINTS Predictions
1,Folarin Balogun,Arsenal,FWD,44,1,0.18038974101409155
2,Cédric Alves Soares,Arsenal,DEF,38,1,0.33772641677471316
3,Mohamed Elneny,Arsenal,MID,44,1,0.15725321089053268
4,Fábio Ferreira Vieira,Arsenal,MID,54,1,1.0517533286498202
5,Gabriel dos Santos Magalhães,Arsenal,DEF,53,1,3.37198415572971
6,Kai Havertz,Arsenal,MID,72,1,4.508309000013298
8,Gabriel Fernando de Jesus,Arsenal,FWD,77,1,1.9454087994051292
9,Jorge Luiz Frello Filho,Arsenal,MID,53,1,2.242347088134019
10,Jakub Kiwior,Arsenal,DEF,44,1,2.8987083902783217
11,Marcus Oliveira Alencar,Arsenal,MID,45,1,0.18489471075717856
12,Gabriel Martinelli Silva,Arsenal,MID,76,1,2.544098068727643
13,Eddie Nketiah,Arsenal,FWD,51,1,0.4279890323091633
14,Martin Ødegaard,Arsenal,MID,85,1,4.840416073512834
15,Thomas Partey,Arsenal,MID,48,1,0.6905173296483729
16,Nicolas Pépé,Arsenal,MID,49,1,0.2972764571312452
17,Aaron Ramsdale,Arsenal,GKP,45,1,1.6400079124417313
18,Rúnar Alex Rúnarsson,Arsenal,GKP,40,1,0.052101177075593696
19,Bukayo Saka,Arsenal,MID,90,1,4.842996339648252
20,William Saliba,Arsenal,DEF,58,1,3.723530133180889
22,Emile Smith Rowe,Arsenal,MID,53,1,0.41043961526039774
24,Kieran Tierney,Arsenal,DEF,44,1,0.18628664521975713
25,Takehiro Tomiyasu,Arsenal,DEF,45,1,0.21649781646366462
26,Leandro Trossard,Arsenal,MID,65,1,2.3257662981767493
29,Benjamin White,Arsenal,DEF,57,1,4.000773515809881
30,Granit Xhaka,Arsenal,MID,60,1,0.6058155415641755
31,Oleksandr Zinchenko,Arsenal,DEF,50,1,0.647806929946751
113,David Raya Martin,Arsenal,GKP,50,1,1.7202400275161849
540,Declan Rice,Arsenal,MID,55,1,3.546648725347463
578,Reiss Nelson,Arsenal,MID,48,1,0.5143065620395022
585,Jurriën Timber,Arsenal,DEF,46,1,0.24738760881299915
646,Karl Hein,Arsenal,GKP,40,1,0.051812268059656
735,Charles Sagoe,Arsenal,MID,45,1,0.1843530793875905
736,Reuell Walters,Arsenal,DEF,40,1,0.0730755666578844
737,Bradley Ibrahim,Arsenal,MID,45,1,0.1843527511685732
764,Myles Lewis-Skelly,Arsenal,MID,45,1,0.1843501038875348
772,Ethan Nwaneri,Arsenal,MID,45,1,0.18433302444515642
815,Mauro Bandeira,Arsenal,MID,45,1,0.1843196999152854
817,James Sweet,Arsenal,DEF,40,1,0.07260877164976631
32,Alexandre Moreno Lopera,Aston Villa,DEF,52,1,1.6726869861395013
34,Leon Bailey,Aston Villa,MID,57,1,2.908422374143259
35,Emiliano Buendía Stati,Aston Villa,MID,57,1,0.37191289661155236
36,Matty Cash,Aston Villa,DEF,46,1,2.1543411726413115
37,Calum Chambers,Aston Villa,DEF,38,1,-0.10658140217912027
38,Philippe Coutinho Correia,Aston Villa,MID,58,1,0.4018931431624113
39,Keinan Davis,Aston Villa,FWD,49,1,0.1697677185462796
40,Leander Dendoncker,Aston Villa,MID,49,1,0.1469002390959051
41,Diego Carlos Santos Silva,Aston Villa,DEF,44,1,0.0828884961148475
42,Lucas Digne,Aston Villa,DEF,46,1,1.2188447693678564
43,Douglas Luiz Soares de Paulo,Aston Villa,MID,57,1,2.995993524927137
44,Jhon Durán,Aston Villa,FWD,50,1,0.5614808599973928
45,Kortney Hause,Aston Villa,DEF,39,1,-0.10275539349050544
46,Tim Iroegbunam,Aston Villa,MID,44,1,0.3311059239627996
47,Boubacar Kamara,Aston Villa,MID,50,1,0.17608491037183116
48,Ezri Konsa Ngoyo,Aston Villa,DEF,45,1,2.227205109007573
49,Emiliano Martínez Romero,Aston Villa,GKP,53,1,2.9044770170738667
50,John McGinn,Aston Villa,MID,53,1,1.1182075396489
51,Tyrone Mings,Aston Villa,DEF,41,1,-0.0331794182317795
53,Robin Olsen,Aston Villa,GKP,39,1,-0.11859662219083722
54,Jaden Philogene-Bidace,Aston Villa,MID,45,1,0.035005455266573504
55,Jacob Ramsey,Aston Villa,MID,59,1,0.7438951310074986
56,Morgan Sanson,Aston Villa,MID,45,1,0.03430528791141252
57,Viljami Sinisalo,Aston Villa,GKP,40,1,-0.0989893596073812
58,Youri Tielemans,Aston Villa,MID,56,1,2.307016183035215
59,Bertrand Traoré,Aston Villa,MID,50,1,0.174927700178521
60,Ollie Watkins,Aston Villa,FWD,90,1,5.173173984668088
61,Wesley Moraes Ferreira da Silva,Aston Villa,FWD,50,1,0.19630687826070203
584,Pau Torres,Aston Villa,DEF,46,1,1.5070703118603719
599,Moussa Diaby,Aston Villa,MID,63,1,1.747422651262668
618,Omari Kellyman,Aston Villa,MID,45,1,0.03502331946153325
670,Filip Marschall,Aston Villa,GKP,40,1,-0.09864971360475372
672,Nicolò Zaniolo,Aston Villa,MID,54,1,1.0999384130332488
686,Oliwier Zych,Aston Villa,GKP,40,1,-0.09833567953158151
699,Clément Lenglet,Aston Villa,DEF,45,1,1.543708188014469
765,Sam Proctor,Aston Villa,GKP,40,1,-0.09887297863057576
767,Tommi O'Reilly,Aston Villa,MID,45,1,0.034281129682880884
778,James Wright,Aston Villa,GKP,40,1,-0.09892152814779487
793,Kaine Kesler-Hayden,Aston Villa,DEF,40,1,-0.07730801447777891
803,Morgan Rogers,Aston Villa,MID,50,1,1.2272699861265854
818,Joe Gauci,Aston Villa,GKP,39,1,-0.12707289270583955
62,Jaidon Anthony,Bournemouth,MID,49,1,0.2201112265162335
63,Philip Billing,Bournemouth,MID,51,1,0.8066412227066744
64,David Brooks,Bournemouth,MID,47,1,0.16406448391682893
65,Ryan Christie,Bournemouth,MID,50,1,2.6713891314282647
66,Lewis Cook,Bournemouth,MID,50,1,3.232754513161502
67,Siriki Dembélé,Bournemouth,MID,45,1,0.10717728834925
68,Ryan Fredericks,Bournemouth,DEF,43,1,0.07982229448477707
69,James Hill,Bournemouth,DEF,40,1,0.05262885627602554
70,Lloyd Kelly,Bournemouth,DEF,45,1,0.13659467920645052
71,Gavin Kilkenny,Bournemouth,MID,43,1,0.05183730158732225
72,Justin Kluivert,Bournemouth,MID,46,1,1.5728729277769102
73,Jamal Lowe,Bournemouth,MID,49,1,0.21963300236195726
74,Emiliano Marcondes,Bournemouth,MID,43,1,0.05143426773723381
75,Chris Mepham,Bournemouth,DEF,43,1,2.326463682597037
76,Kieffer Moore,Bournemouth,FWD,46,1,0.15933668952365565
77,Norberto Murara Neto,Bournemouth,GKP,47,1,3.436413846346389
78,Dango Ouattara,Bournemouth,MID,47,1,2.019337842465369
79,Ben Pearson,Bournemouth,MID,45,1,0.10715420679624399
80,Darren Randolph,Bournemouth,GKP,40,1,-0.02038052132923651
81,Joe Rothwell,Bournemouth,MID,48,1,0.19164758499139511
82,Antoine Semenyo,Bournemouth,FWD,45,1,3.222690837408623
83,Marcos Senesi,Bournemouth,DEF,45,1,0.4224698578489543
84,Adam Smith,Bournemouth,DEF,44,1,2.0987800676041615
85,Dominic Solanke,Bournemouth,FWD,72,1,4.9196496702677734
86,Marcus Tavernier,Bournemouth,MID,54,1,2.378805283187635
87,Hamed Traorè,Bournemouth,MID,47,1,0.16352716897627817
88,Mark Travers,Bournemouth,GKP,40,1,-0.024787202153732757
89,Illia Zabarnyi,Bournemouth,DEF,45,1,2.9733769519381275
595,Milos Kerkez,Bournemouth,DEF,44,1,1.4210387882053026
607,Ionuț Radu,Bournemouth,GKP,43,1,0.059631961651378296
619,Ben Greenwood,Bournemouth,DEF,40,1,-0.002452873378248732
643,Max Aarons,Bournemouth,DEF,44,1,0.10955743773961069
644,Alex Scott,Bournemouth,MID,49,1,1.3425615588417394
673,Tyler Adams,Bournemouth,MID,49,1,0.40158773696397354
705,Luis Sinisterra,Bournemouth,MID,55,1,1.4676364408419063
799,Romain Faivre,Bournemouth,MID,50,1,0.24764216854693677
802,Max Kinsey,Bournemouth,DEF,40,1,-0.004381811396060087
804,Enes Ünal,Bournemouth,FWD,50,1,1.413754692944806
811,Dominic Sadi,Bournemouth,MID,45,1,0.10720016601969895
90,Kristoffer Ajer,Brentford,DEF,44,1,2.5855921665303314
91,Ellery Balcombe,Brentford,GKP,39,1,0.07188395054090757
92,Shandon Baptiste,Brentford,MID,43,1,0.42409064363351967
93,Mads Bech Sørensen,Brentford,DEF,40,1,0.11972086261814718
94,Mads Bidstrup,Brentford,MID,45,1,0.23045191260893216
95,Sergi Canós Tenés,Brentford,MID,50,1,0.3710510369057298
96,Nathan Collins,Brentford,DEF,45,1,2.440599695450563
97,Matthew Cox,Brentford,GKP,40,1,0.09722147895120681
98,Mikkel Damsgaard,Brentford,MID,48,1,0.37381028231125746
99,Josh Dasilva,Brentford,MID,47,1,0.2869869869797197
100,Halil Dervişoğlu,Brentford,FWD,45,1,0.25203990633618245
101,Mark Flekken,Brentford,GKP,46,1,3.0985232022281726
102,Charlie Goode,Brentford,DEF,39,1,0.09306450779425357
103,Rico Henry,Brentford,DEF,43,1,0.21504195666201165
104,Aaron Hickey,Brentford,DEF,43,1,0.2049742231741316
105,Vitaly Janelt,Brentford,MID,53,1,2.592313805329871
106,Mathias Jensen,Brentford,MID,54,1,1.9360863966516524
107,Keane Lewis-Potter,Brentford,MID,47,1,1.4528117342329012
108,Bryan Mbeumo,Brentford,MID,67,1,1.114042263514819
109,Ben Mee,Brentford,DEF,48,1,0.36772577310096577
110,Christian Nørgaard,Brentford,MID,52,1,1.5586961517336033
111,Frank Onyeka,Brentford,MID,49,1,2.1041376928143616
112,Ethan Pinnock,Brentford,DEF,45,1,0.28760667917525873
114,Mads Roerslev Rasmussen,Brentford,DEF,44,1,2.724844776694109
115,Kevin Schade,Brentford,MID,52,1,0.42782754457927674
116,Thomas Strakosha,Brentford,GKP,39,1,0.09214544448867878
117,Ivan Toney,Brentford,FWD,81,1,4.185038281852229
118,Ryan Trevitt,Brentford,MID,45,1,0.23059271934435843
119,Yoane Wissa,Brentford,FWD,57,1,3.062237870134378
120,Yegor Yarmoliuk,Brentford,MID,43,1,0.6760243135096895
121,Mathias Jorgensen,Brentford,DEF,43,1,2.178321467800387
258,Neal Maupay,Brentford,FWD,49,1,0.7572021675972278
508,Sergio Reguilón,Brentford,DEF,44,1,0.5202239101876514
620,Michael Olakigbe,Brentford,MID,45,1,0.230714109423936
684,Ethan Brierley,Brentford,MID,45,1,0.23062364626261433
701,Saman Ghoddos,Brentford,MID,45,1,0.28928233557620175
725,Ji-Soo Kim,Brentford,DEF,40,1,0.11919654086366505
733,Valintino Adedokun,Brentford,DEF,40,1,0.1192408687550901
744,Myles Peart-Harris,Brentford,MID,45,1,0.23045353640217003
752,Vincent Angelini,Brentford,GKP,40,1,0.09737530406308814
789,Hákon Valdimarsson,Brentford,GKP,40,1,0.09724639969473292
797,Benjamin Fredrick,Brentford,DEF,40,1,0.11885964155696072
834,Benjamin Arthur,Brentford,DEF,40,1,0.14637204011467253
122,Simon Adingra,Brighton,MID,50,1,2.063700200981495
123,Steven Alzate,Brighton,MID,44,1,0.03490526125771454
124,Yasin Ayari,Brighton,MID,45,1,0.06257152036161351
125,Facundo Buonanotte,Brighton,MID,47,1,0.5568464573446312
127,Aaron Connolly,Brighton,FWD,45,1,0.08411101342297933
128,Mahmoud Dahoud,Brighton,MID,48,1,0.14752713638724457
129,Lewis Dunk,Brighton,DEF,52,1,2.5915989030332724
130,Julio Enciso,Brighton,MID,50,1,1.0522398521273724
131,Pervis Estupiñán,Brighton,DEF,49,1,3.059702798938186
132,Evan Ferguson,Brighton,FWD,57,1,2.482365379723114
133,Billy Gilmour,Brighton,MID,48,1,0.15074432857409903
134,Pascal Groß,Brighton,MID,64,1,2.7598428096214036
135,João Pedro Junqueira de Jesus,Brighton,FWD,52,1,0.37631889105016514
136,Michał Karbownik,Brighton,DEF,40,1,-0.04924076374565789
137,Kacper Kozłowski,Brighton,MID,45,1,0.06236298378447258
138,Adam Lallana,Brighton,MID,49,1,1.1016224572903683
139,Tariq Lamptey,Brighton,DEF,39,1,0.9019481397619913
140,Solly March,Brighton,MID,61,1,0.542602837725414
141,Tom McGill,Brighton,GKP,39,1,-0.0951370138001969
142,James Milner,Brighton,MID,48,1,0.14822891293568996
143,Kaoru Mitoma,Brighton,MID,64,1,0.792797723205334
144,Jakub Moder,Brighton,MID,44,1,1.2275288227775092
146,Jeremy Sarmiento Morante,Brighton,MID,45,1,0.062461390096801406
147,Kjell Scherpen,Brighton,GKP,40,1,-0.07092908876871029
148,Jason Steele,Brighton,GKP,41,1,1.0783994760527678
149,Deniz Undav,Brighton,FWD,55,1,0.36498763173474313
150,Jan Paul van Hecke,Brighton,DEF,41,1,2.500998769881006
151,Joël Veltman,Brighton,DEF,43,1,2.348385094172969
152,Bart Verbruggen,Brighton,GKP,44,1,1.9461353691279908
153,Adam Webster,Brighton,DEF,42,1,1.1642628437396008
154,Danny Welbeck,Brighton,FWD,57,1,0.8435680920022954
155,Andi Zeqiri,Brighton,FWD,44,1,0.06201109044760511
606,Igor Julio dos Santos de Paulo,Brighton,DEF,43,1,0.2596696663518765
621,Jack Hinshelwood,Brighton,MID,45,1,0.06354976600739137
690,Carlos Baleba,Brighton,MID,45,1,2.077756215067127
700,Anssumane Fati Vieira,Brighton,MID,64,1,2.09683508591216
741,Mark O’Mahony,Brighton,FWD,45,1,0.08442842595876032
742,Benicio Baker-Boaitey,Brighton,MID,45,1,0.062432604446685414
746,Ben Jackson,Brighton,DEF,40,1,-0.0487943418999105
747,Joshua Duffus,Brighton,MID,44,1,0.03433773291498787
753,Leigh Kavanagh,Brighton,DEF,40,1,-0.049162487134472355
755,Luca Barrington,Brighton,MID,45,1,0.06239826723986153
786,Cameron Peupion,Brighton,MID,45,1,0.06237167057677162
816,Valentín Barco,Brighton,DEF,40,1,-0.049144456631547095
843,Samy Chouchane,Brighton,MID,45,1,0.32906806565741675
156,Enock Agyei,Burnley,MID,42,1,0.17944889046971624
157,Ameen Al-Dakhil,Burnley,DEF,38,1,0.12156057943341558
158,Samuel Bastien,Burnley,MID,49,1,0.3675524333259299
159,Manuel Benson Hedilazio,Burnley,MID,52,1,0.6591880925403262
160,Jordan Beyer,Burnley,DEF,39,1,0.13000186669684866
161,Josh Brownhill,Burnley,MID,47,1,0.9149840389533421
162,Darko Churlinov,Burnley,MID,44,1,0.22713994763872636
163,Jack Cork,Burnley,MID,48,1,0.33956206834303315
164,Dara Costelloe,Burnley,MID,45,1,0.2551144042327391
165,Josh Cullen,Burnley,MID,50,1,2.841166993809161
166,CJ Egan-Riley,Burnley,DEF,39,1,0.11762837102217727
167,Hjalmar Ekdal,Burnley,DEF,39,1,0.11719471019588656
168,Lyle Foster,Burnley,FWD,47,1,0.410047416018537
169,Denis Franchi,Burnley,GKP,39,1,0.09532966905664209
170,Jóhann Berg Gudmundsson,Burnley,MID,48,1,0.49326133050301224
171,Luke McNally,Burnley,DEF,40,1,0.14337331214847504
172,Arijanet Muric,Burnley,GKP,43,1,1.2532961428815748
173,Dara O'Shea,Burnley,DEF,44,1,2.3447011852430153
174,Michael Obafemi,Burnley,FWD,49,1,0.38927379398519535
175,Bailey Peacock-Farrell,Burnley,GKP,40,1,0.12182613447523938
176,Connor Roberts,Burnley,DEF,43,1,0.2295849263092562
177,Jay Rodriguez,Burnley,FWD,53,1,0.5605005536649437
178,Charlie Taylor,Burnley,DEF,39,1,2.3490852090799716
179,Bobby Thomas,Burnley,DEF,40,1,0.14337295337142897
180,Scott Twine,Burnley,MID,49,1,0.36748011960815274
181,Lawrence Vigouroux,Burnley,GKP,39,1,0.09750050763512763
182,Victor da Silva,Burnley,DEF,44,1,2.4653782868265823
183,Wout Weghorst,Burnley,FWD,55,1,0.5580145350252397
184,Anass Zaroury,Burnley,MID,46,1,0.28346729107600477
200,David Datro Fofana,Burnley,FWD,50,1,3.3739187154711128
475,Sander Berge,Burnley,MID,46,1,2.6627356247916634
594,Zeki Amdouni,Burnley,FWD,53,1,1.0007942163556558
596,James Trafford,Burnley,GKP,45,1,1.7685169083610877
600,Nathan Redmond,Burnley,MID,47,1,0.31148271925237436
605,Luca Koleosho,Burnley,MID,48,1,0.3400003138819925
608,Jacob Bruun Larsen,Burnley,MID,48,1,2.5731661349808275
622,Owen Dodgson,Burnley,DEF,40,1,0.1436120109605996
660,Wilson Odobert,Burnley,MID,50,1,3.0297283578123833
674,Hannes Delcroix,Burnley,DEF,40,1,0.31212996365624557
675,Aaron Ramsey,Burnley,MID,50,1,0.3960369507107009
694,Han-Noah Massengo,Burnley,MID,49,1,0.36749440658640165
706,Mike Trésor,Burnley,MID,53,1,0.48018821583426297
805,Lorenz Assignon,Burnley,DEF,40,1,2.509764965548442
806,Maxime Esteve,Burnley,DEF,40,1,2.2392294732452784
126,Moisés Caicedo Corozo,Chelsea,MID,45,1,2.353802370155948
145,Robert Sánchez,Chelsea,GKP,45,1,0.1781673507199888
185,Ethan Ampadu,Chelsea,DEF,40,1,0.017829921541902105
186,Andrey Nascimento dos Santos,Chelsea,MID,42,1,0.04646844111527726
187,Kepa Arrizabalaga,Chelsea,GKP,50,1,0.2797379058268066
188,Pierre-Emerick Aubameyang,Chelsea,FWD,65,1,0.7131098853696654
189,César Azpilicueta,Chelsea,DEF,45,1,0.15821646131303002
190,Abdul Rahman Baba,Chelsea,DEF,40,1,0.01777279413009436
191,Benoît Badiashile,Chelsea,DEF,44,1,0.13103339629682187
192,Marcus Bettinelli,Chelsea,GKP,40,1,-0.003302991082982043
194,Trevoh Chalobah,Chelsea,DEF,43,1,2.1698551788345433
195,Ben Chilwell,Chelsea,DEF,54,1,1.5676920728578492
196,Carney Chukwuemeka,Chelsea,MID,42,1,0.20186860785176686
197,Levi Colwill,Chelsea,DEF,46,1,1.1712774865678857
198,Marc Cucurella Saseta,Chelsea,DEF,48,1,1.2963859011343302
199,Enzo Fernández,Chelsea,MID,48,1,2.698561782871018
201,Wesley Fofana,Chelsea,DEF,44,1,0.130466757036657
202,Conor Gallagher,Chelsea,MID,54,1,3.1150018351141564
203,Malo Gusto,Chelsea,DEF,43,1,2.731391715264792
206,Reece James,Chelsea,DEF,53,1,0.4236148209690158
207,Romelu Lukaku Bolingoli,Chelsea,FWD,68,1,0.800984060323392
208,Noni Madueke,Chelsea,MID,53,1,0.35586002113974247
210,Mykhailo Mudryk,Chelsea,MID,63,1,1.5955933012523498
211,Nicolas Jackson,Chelsea,FWD,68,1,3.7632340303583383
212,Christopher Nkunku,Chelsea,FWD,72,1,0.9261246884443384
213,Christian Pulisic,Chelsea,MID,55,1,0.41047229897903637
214,Malang Sarr,Chelsea,DEF,43,1,0.10336705415713399
215,Gabriel Słonina,Chelsea,GKP,40,1,-0.0034281207378834555
216,Raheem Sterling,Chelsea,MID,69,1,2.175616367626335
217,Thiago Emiliano da Silva,Chelsea,DEF,50,1,0.34573965015649866
218,Hakim Ziyech,Chelsea,MID,54,1,0.3833515778516585
362,Cole Palmer,Chelsea,MID,58,1,4.486280923652545
589,Ângelo Gabriel Borges Damaceno,Chelsea,MID,50,1,0.27000112182561686
609,Ian Maatsen,Chelsea,MID,51,1,0.2987004455257847
611,Axel Disasi,Chelsea,DEF,49,1,2.9312643228907986
613,Lesley Ugochukwu,Chelsea,MID,44,1,0.10358856951113149
623,Mason Burstow,Chelsea,FWD,45,1,0.1518832502151648
659,Lucas Bergström,Chelsea,GKP,39,1,-0.03143589424747262
667,Roméo Lavia,Chelsea,MID,49,1,0.24195409024699455
671,Bashir Humphreys,Chelsea,DEF,40,1,0.017861532829865356
677,Deivid Washington de Souza Eugênio,Chelsea,FWD,45,1,0.15213661325538408
680,Eddie Beach,Chelsea,GKP,40,1,-0.0035762856737941995
681,Diego Manuel Jadon da Silva Moreira,Chelsea,MID,45,1,0.12954767006676582
687,Đorđe Petrović,Chelsea,GKP,46,1,2.4414655875300277
716,Alfie Gilchrist,Chelsea,DEF,40,1,0.018372013143477584
717,Ronnie Stutter,Chelsea,FWD,45,1,0.15164021971452857
718,Alex Matos,Chelsea,MID,45,1,0.12958969447908963
723,Josh Brooking,Chelsea,DEF,40,1,0.018131354055900384
758,Leo Castledine,Chelsea,MID,45,1,0.12953374185924804
791,Cesare Casadei,Chelsea,MID,45,1,0.253444178689894
819,Ishé Samuels-Smith,Chelsea,DEF,40,1,0.017789416656412427
820,Ollie Harrison,Chelsea,MID,45,1,0.12952893225566664
830,Jimi Tauriainen,Chelsea,MID,45,1,0.12950186066292113
838,Josh Acheampong,Chelsea,DEF,40,1,-0.06514327286330346
7,Rob Holding,Crystal Palace,DEF,43,1,0.06822909054000748
219,Naouirou Ahamada,Crystal Palace,MID,43,1,0.40480386045935113
220,Joachim Andersen,Crystal Palace,DEF,47,1,2.6086056757494087
221,Jordan Ayew,Crystal Palace,MID,54,1,2.2576372037872305
222,Nathaniel Clyne,Crystal Palace,DEF,43,1,0.06826883485285873
223,Cheick Doucouré,Crystal Palace,MID,49,1,0.2072259719340377
224,Malcolm Ebiowei,Crystal Palace,MID,44,1,0.0664085042713477
225,Odsonne Edouard,Crystal Palace,FWD,53,1,0.8472197863131861
226,Eberechi Eze,Crystal Palace,MID,60,1,2.9671464341209974
227,Vicente Guaita,Crystal Palace,GKP,44,1,0.07586508632399713
228,Marc Guéhi,Crystal Palace,DEF,42,1,0.0653033727368596
229,Will Hughes,Crystal Palace,MID,49,1,0.6740681495294856
230,Sam Johnstone,Crystal Palace,GKP,44,1,2.4888445182833348
231,Jefferson Lerma Solís,Crystal Palace,MID,47,1,2.6383633730753995
232,Jean-Philippe Mateta,Crystal Palace,FWD,49,1,2.95614539077861
233,Remi Matthews,Crystal Palace,GKP,39,1,-0.06544162826912459
234,Tyrick Mitchell,Crystal Palace,DEF,45,1,2.692162120892049
235,Jake O'Brien,Crystal Palace,DEF,40,1,-0.016992623399211926
236,Michael Olise,Crystal Palace,MID,56,1,0.40988860102223
237,Luke Plange,Crystal Palace,FWD,45,1,0.11581501750258738
238,Chris Richards,Crystal Palace,DEF,39,1,2.120124637412215
239,Jairo Riedewald,Crystal Palace,MID,43,1,0.03896939102840846
240,Jeffrey Schlupp,Crystal Palace,MID,48,1,0.1798590207374381
241,James Tomkins,Crystal Palace,DEF,40,1,-0.011510601374874807
242,Joel Ward,Crystal Palace,DEF,45,1,2.2880256951907434
243,Joe Whitworth,Crystal Palace,GKP,39,1,-0.05227432811990207
385,Dean Henderson,Crystal Palace,GKP,44,1,0.07832513070237246
615,Matheus França de Oliveira,Crystal Palace,MID,48,1,0.5000921975848334
657,Jesurun Rak-Sakyi,Crystal Palace,MID,45,1,0.09435254088303735
658,John-Kymani Gordon,Crystal Palace,FWD,45,1,0.11623898842107683
720,Ademola Ola-Adebomi,Crystal Palace,FWD,45,1,0.1159823092663228
721,David Ozoh,Crystal Palace,MID,45,1,0.09426265326873551
724,Jadan Raymond,Crystal Palace,MID,45,1,0.09423136082030881
763,Tayo Adaramola,Crystal Palace,DEF,40,1,-0.01750730155694491
792,Daniel Muñoz,Crystal Palace,DEF,45,1,2.389936046671628
807,Adam Wharton,Crystal Palace,MID,50,1,2.1692925873319857
821,Franco Umeh-Chibueze,Crystal Palace,FWD,45,1,0.11582784859598716
825,Kaden Rodney,Crystal Palace,MID,45,1,0.09416304514106077
842,Roshaun Mathurin,Crystal Palace,MID,45,1,0.3254586770574597
244,André Tavares Gomes,Everton,MID,44,1,0.9592990172904279
245,Jarrad Branthwaite,Everton,DEF,42,1,2.2218088157799807
246,Dominic Calvert-Lewin,Everton,FWD,58,1,1.4322850430802148
247,Seamus Coleman,Everton,DEF,44,1,0.14001804650149408
248,Dele Alli,Everton,MID,48,1,0.22319102912704203
249,Abdoulaye Doucouré,Everton,MID,55,1,2.582427427168879
250,James Garner,Everton,MID,49,1,2.756221432217764
251,Jean-Philippe Gbamin,Everton,MID,44,1,0.11073388235060022
252,Ben Godfrey,Everton,DEF,43,1,2.3538307421763447
253,Demarai Gray,Everton,MID,53,1,0.36446899663411836
254,Idrissa Gueye,Everton,MID,48,1,0.22345326273807098
257,Michael Keane,Everton,DEF,43,1,0.114317347886984
259,Dwight McNeil,Everton,MID,54,1,3.607273175932314
260,Vitalii Mykolenko,Everton,DEF,46,1,2.4658179056509764
261,Amadou Onana,Everton,MID,47,1,2.7117745861022264
262,Nathan Patterson,Everton,DEF,43,1,0.11366478643927913
263,Jordan Pickford,Everton,GKP,46,1,3.0336028673598574
264,Ellis Simms,Everton,FWD,45,1,0.1602999756189072
265,James Tarkowski,Everton,DEF,46,1,2.424801492347239
266,João Neves Virgínia,Everton,GKP,39,1,-0.01591413444417855
579,Andy Lonergan,Everton,GKP,39,1,-0.021812155938756295
588,Ashley Young,Everton,DEF,44,1,0.3862988080940699
601,Arnaut Danjuma Groeneveld,Everton,MID,52,1,0.33707342944762386
624,Lewis Dobbin,Everton,MID,45,1,0.6946486443341096
645,Youssef Ramalho Chermiti,Everton,FWD,48,1,0.45027661429680244
649,Thomas Cannon,Everton,FWD,45,1,0.16048750462920336
650,Tyler Onyango,Everton,MID,44,1,0.11078235141860004
661,Jack Harrison,Everton,MID,55,1,2.2469755153668087
691,Norberto Bercique Gomes Betuncal,Everton,FWD,57,1,3.4299442064686967
719,Mackenzie Hunt,Everton,MID,45,1,0.1387782252973283
760,Jenson Metcalfe,Everton,MID,45,1,0.13869126877385318
761,Elijah Campbell,Everton,DEF,40,1,0.027009368817954793
841,Lewis Warrington,Everton,MID,45,1,0.3759901174568614
193,Armando Broja,Fulham,FWD,49,1,0.6179091571007778
256,Alex Iwobi,Fulham,MID,53,1,3.37637349066356
267,Andreas Hoelgebaum Pereira,Fulham,MID,53,1,2.4483290521609695
268,Tom Cairney,Fulham,MID,49,1,0.8557988629179543
269,Ivan Neves Abreu Cavaleiro,Fulham,MID,50,1,0.2946667029860577
270,Bobby De Cordova-Reid,Fulham,MID,53,1,0.6243217115428701
271,Issa Diop,Fulham,DEF,44,1,0.1613417885426437
272,Tyrese Francois,Fulham,MID,44,1,0.12638462224954583
273,Anthony Knockaert,Fulham,MID,44,1,0.12643838199478108
274,Terence Kongolo,Fulham,DEF,40,1,0.04326324401023007
275,Bernd Leno,Fulham,GKP,48,1,3.6213650002367914
276,Saša Lukić,Fulham,MID,43,1,2.287323339867329
277,Kevin Mbabu,Fulham,DEF,40,1,0.04494464404053056
278,Aleksandar Mitrović,Fulham,FWD,74,1,0.9999336920184092
279,Rodrigo Muniz Carvalho,Fulham,FWD,46,1,2.9776493135828597
280,João Palhinha Gonçalves,Fulham,MID,50,1,1.3816697313722388
281,Tim Ream,Fulham,DEF,45,1,0.19311613544482997
282,Harrison Reed,Fulham,MID,44,1,1.4945086679938986
283,Antonee Robinson,Fulham,DEF,46,1,3.009424464195264
284,Marek Rodák,Fulham,GKP,39,1,-0.001971756811163128
285,Kenny Tete,Fulham,DEF,44,1,0.2650216245821204
286,Tosin Adarabioyo,Fulham,DEF,43,1,2.6040706195198697
287,Carlos Vinícius Alves Morais,Fulham,FWD,45,1,0.19057784893709706
288,Harry Wilson,Fulham,MID,53,1,2.462399085617801
558,Raúl Jiménez,Fulham,FWD,50,1,0.6101933007515776
591,Willian Borges da Silva,Fulham,MID,53,1,1.8147340238541338
610,Calvin Bassey,Fulham,DEF,44,1,2.629474659251358
625,Luc De Fougerolles,Fulham,DEF,39,1,0.015615533071750676
651,Jay Stansfield,Fulham,FWD,45,1,0.1758694644813703
652,Matthew Dibley-Dias,Fulham,MID,45,1,0.1542827392493339
662,Adama Traoré,Fulham,MID,49,1,0.8009219602368924
683,Luke Harris,Fulham,MID,45,1,0.15438401281543046
688,Timothy Castagne,Fulham,DEF,46,1,2.844364411156397
692,Steven Benda,Fulham,GKP,40,1,0.021358514625484215
707,Fodé Ballo-Touré,Fulham,DEF,45,1,0.18407279622243677
732,Devan Tanton,Fulham,DEF,40,1,0.0427988579048888
796,Kristian Sekularac,Fulham,MID,44,1,0.12610597471879126
810,Joshua King,Fulham,MID,45,1,0.15420796200741094
289,Adrián San Miguel del Castillo,Liverpool,GKP,39,1,0.13117870718271785
290,Trent Alexander-Arnold,Liverpool,DEF,85,1,1.5876375392817113
291,Alisson Ramses Becker,Liverpool,GKP,57,1,0.8037769499483862
292,Stefan Bajcetic,Liverpool,MID,47,1,0.345355597647798
293,Darwin Núñez Ribeiro,Liverpool,FWD,75,1,3.147829152118706
294,Diogo Teixeira da Silva,Liverpool,MID,80,1,1.3446322666035475
295,Harvey Elliott,Liverpool,MID,48,1,2.6317295673098475
296,Fabio Henrique Tavares,Liverpool,MID,50,1,0.42940294759123887
297,Cody Gakpo,Liverpool,FWD,72,1,2.314220081350812
298,Joe Gomez,Liverpool,DEF,46,1,2.8812978199164907
299,Jordan Henderson,Liverpool,MID,50,1,0.429377376979426
300,Curtis Jones,Liverpool,MID,49,1,0.40288286965907316
301,Caoimhin Kelleher,Liverpool,GKP,38,1,3.4387289459773887
302,Ibrahima Konaté,Liverpool,DEF,49,1,2.0252847144668387
303,Luis Díaz,Liverpool,MID,75,1,4.066802149098507
304,Alexis Mac Allister,Liverpool,MID,58,1,3.9915991681395915
305,Joel Matip,Liverpool,DEF,48,1,0.40600645498442844
306,Nathaniel Phillips,Liverpool,DEF,40,1,0.17847084229247234
307,Andrew Robertson,Liverpool,DEF,64,1,2.4338367118853723
308,Mohamed Salah,Liverpool,MID,132,1,3.7304186782586446
309,Dominik Szoboszlai,Liverpool,MID,71,1,2.2226383730672805
310,Thiago Alcántara do Nascimento,Liverpool,MID,47,1,0.3463016264382488
311,Konstantinos Tsimikas,Liverpool,DEF,45,1,0.6082087590654006
312,Sepp van den Berg,Liverpool,DEF,40,1,0.17729247376614943
313,Virgil van Dijk,Liverpool,DEF,66,1,3.708988760118142
626,Jarell Quansah,Liverpool,DEF,40,1,1.3241270936350467
627,Bobby Clark,Liverpool,MID,44,1,1.0263656777052903
628,Ben Doak,Liverpool,MID,43,1,0.23310190085766025
629,James McConnell,Liverpool,MID,44,1,0.2610291385843426
668,Wataru Endo,Liverpool,MID,54,1,2.117728424073667
708,Ryan Gravenberch,Liverpool,MID,50,1,0.43032920526396357
726,Luke Chambers,Liverpool,DEF,40,1,0.17731246155566538
728,Callum Scanlon,Liverpool,DEF,39,1,0.14952059651647853
743,Treymaurice Nyoni,Liverpool,MID,45,1,0.2888767573269615
756,Marcelo de Araújo Pitaluga Filho,Liverpool,GKP,40,1,0.15557831834502978
757,Conor Bradley,Liverpool,DEF,42,1,2.776597545728014
782,Owen Beck,Liverpool,DEF,45,1,0.31754889160931477
783,Kaide Gordon,Liverpool,MID,45,1,0.2889200040384343
812,Lewis Koumas,Liverpool,FWD,45,1,0.310590793105868
813,Fabian Mrozek,Liverpool,GKP,40,1,0.1556581493989645
824,Jayden Danns,Liverpool,FWD,43,1,0.3155868182198218
837,Amara Nallo,Liverpool,DEF,40,1,0.2124933270894238
21,Albert Sambi Lokonga,Luton,MID,49,1,0.18582199958340806
52,Marvelous Nakamba,Luton,MID,43,1,0.02406017951047179
314,Elijah Adebayo,Luton,FWD,49,1,0.2436669180153248
315,Mads Juel Andersen,Luton,DEF,39,1,-0.05895231817119728
316,Amari'i Bell,Luton,DEF,39,1,-0.015970183931437676
317,Luke Berry,Luton,MID,46,1,0.47736636938779586
318,Reece Burke,Luton,DEF,40,1,2.3427364226046086
319,Allan Campbell,Luton,MID,49,1,0.1856746115462653
320,Jordan Clark,Luton,MID,48,1,2.392811283458448
321,Alfie Doughty,Luton,DEF,47,1,2.6026683289988486
322,Luke Freeman,Luton,MID,49,1,0.18560468565846722
323,Matt Macey,Luton,GKP,40,1,-0.05754916436622026
324,John McAtee,Luton,FWD,45,1,0.10034526696723423
325,Carlos Mendes Gomes,Luton,MID,45,1,0.07321713601398772
326,Carlton Morris,Luton,FWD,51,1,3.157582373838565
327,Admiral Muskwe,Luton,FWD,45,1,0.09545303891228607
328,Chiedozie Ogbene,Luton,FWD,49,1,2.5436148219455017
329,Fred Onyedinma,Luton,MID,50,1,0.21359787561354593
330,Gabriel Osho,Luton,DEF,44,1,0.756754935739141
331,Aribim Pepple,Luton,FWD,45,1,0.09539155168795554
332,Dion Pereira,Luton,MID,44,1,0.045663313315937426
333,Dan Potts,Luton,DEF,39,1,-0.06538809039106008
334,Glen Rea,Luton,MID,44,1,0.04530722589011549
335,James Shea,Luton,GKP,42,1,-0.002231859948147674
336,Joe Taylor,Luton,FWD,45,1,0.09559550938152528
337,Elliot Thorpe,Luton,MID,45,1,0.07316964987456998
338,Jack Walton,Luton,GKP,40,1,-0.06005667867821929
339,Louie Watson,Luton,MID,44,1,0.04668827771126982
340,Cauley Woodrow,Luton,FWD,43,1,0.9511445039732684
393,Teden Mengi,Luton,DEF,39,1,1.9172845879942368
553,Ryan Giles,Luton,DEF,42,1,0.01868082914730984
575,Tom Lockyer,Luton,DEF,42,1,0.01906800849372392
582,Pelly Ruddock Mpanzu,Luton,MID,46,1,0.8413365546974529
586,Tahith Chong,Luton,MID,47,1,2.5692169754279712
602,Issa Kaboré,Luton,DEF,40,1,2.171154511062181
614,Thomas Kaminski,Luton,GKP,45,1,2.7644982793543926
630,Ross Barkley,Luton,MID,50,1,2.867088868406381
631,Jacob Brown,Luton,FWD,49,1,0.208792961853826
648,Aidan Francis-Clarke,Luton,DEF,40,1,-0.0384063460614773
665,Tim Krul,Luton,GKP,44,1,0.05307661080890025
682,Joseph Johnson,Luton,DEF,40,1,-0.037950463306323234
727,Andros Townsend,Luton,MID,50,1,0.7970231408375743
729,Jayden Luker,Luton,MID,45,1,0.07315831310514276
734,Zack Nelson,Luton,MID,45,1,0.13566500784165436
798,Daiki Hashioka,Luton,DEF,40,1,0.7456017777701702
831,Axel Piesold,Luton,MID,45,1,0.07313864067309939
839,Dominic Dos Santos Martins,Luton,MID,45,1,0.0731288355685582
341,Manuel Akanji,Man City,DEF,49,1,1.467444076605263
342,Nathan Aké,Man City,DEF,51,1,2.8332564700839953
343,Julián Álvarez,Man City,FWD,64,1,2.688745486486003
344,Bernardo Veiga de Carvalho e Silva,Man City,MID,62,1,3.519634081395114
345,Oscar Bobb,Man City,MID,44,1,0.2305905527301455
346,João Cancelo,Man City,DEF,58,1,0.5822889964324234
347,Scott Carson,Man City,GKP,38,1,-0.014273967597023485
348,Shea Charles,Man City,MID,45,1,0.1739039459319346
349,Kevin De Bruyne,Man City,MID,104,1,5.103442926436042
350,Rúben Gato Alves Dias,Man City,DEF,55,1,1.7162890675803557
352,Ederson Santana de Moraes,Man City,GKP,55,1,2.369175241510446
353,Phil Foden,Man City,MID,81,1,5.388341968585596
354,Jack Grealish,Man City,MID,72,1,0.9548683011690569
355,Erling Haaland,Man City,FWD,143,1,6.679425246052743
356,Mateo Kovačić,Man City,MID,46,1,0.5522748012317709
357,Aymeric Laporte,Man City,DEF,49,1,0.3164495640857097
358,Rico Lewis,Man City,DEF,42,1,0.12228430598112439
359,Riyad Mahrez,Man City,MID,75,1,1.0172408628877518
361,Stefan Ortega Moreno,Man City,GKP,37,1,0.795117313930277
363,Máximo Perrone,Man City,MID,44,1,0.1459398746767656
365,Rodrigo Hernandez,Man City,MID,56,1,3.507872057867813
366,Sergio Gómez,Man City,DEF,38,1,0.02138063777988075
367,Zack Steffen,Man City,GKP,39,1,0.01457095513218587
368,John Stones,Man City,DEF,53,1,3.3679879026377697
369,Kyle Walker,Man City,DEF,54,1,3.059127037598724
566,Matheus Luiz Nunes,Man City,MID,47,1,0.23139926555769064
616,Joško Gvardiol,Man City,DEF,48,1,0.32479102624879386
678,Jérémy Doku,Man City,MID,64,1,2.1388580946216096
762,Mahamadou Susoho,Man City,MID,45,1,0.17392040486045024
771,Micah Hamilton,Man City,MID,45,1,0.17392281777082574
814,Jacob Wright,Man City,MID,45,1,0.1739120265189008
209,Mason Mount,Man Utd,MID,68,1,0.7282144456872734
370,Alex Telles,Man Utd,DEF,45,1,0.09944500186291838
371,Amad Diallo,Man Utd,MID,44,1,0.04296791623356644
372,Antony Matheus dos Santos,Man Utd,MID,68,1,1.1233992065232343
373,Bruno Borges Fernandes,Man Utd,MID,82,1,4.737961004448042
374,Brandon Williams,Man Utd,DEF,40,1,-0.040224357135379085
375,Eric Bailly,Man Utd,DEF,40,1,-0.039879424766248395
376,Carlos Henrique Casimiro,Man Utd,MID,53,1,2.8557932218363002
377,Diogo Dalot Teixeira,Man Utd,DEF,52,1,2.840789104605139
379,Christian Eriksen,Man Utd,MID,58,1,0.44154710474061454
380,Álvaro Fernández Carreras,Man Utd,DEF,40,1,-0.03938410171790219
381,Frederico Rodrigues de Paula Santos,Man Utd,MID,50,1,0.21164201496039348
382,Alejandro Garnacho,Man Utd,MID,49,1,2.657285161728133
383,Hannibal Mejbri,Man Utd,MID,43,1,0.015971745666941373
384,Tom Heaton,Man Utd,GKP,39,1,-0.08936218080042602
386,Victor Lindelöf,Man Utd,DEF,45,1,2.6699970725085405
387,Harry Maguire,Man Utd,DEF,42,1,0.04982626452491601
388,Kobbie Mainoo,Man Utd,MID,44,1,2.0774186953834617
389,Tyrell Malacia,Man Utd,DEF,43,1,0.043514993991044526
390,Anthony Martial,Man Utd,FWD,64,1,0.630350041346315
391,Lisandro Martínez,Man Utd,DEF,47,1,0.1868386295830865
392,Scott McTominay,Man Utd,MID,46,1,2.3742727729471733
394,Facundo Pellistri Rebollo,Man Utd,MID,42,1,-0.011258403322590538
395,Raphaël Varane,Man Utd,DEF,49,1,2.5378528335791755
396,Marcus Rashford,Man Utd,MID,84,1,3.7836341386608052
397,Jadon Sancho,Man Utd,MID,67,1,0.694024718390559
398,Luke Shaw,Man Utd,DEF,52,1,0.33995477128552953
399,Shola Shoretire,Man Utd,FWD,44,1,0.067519850252028
400,Donny van de Beek,Man Utd,MID,47,1,0.12739394953920347
401,Aaron Wan-Bissaka,Man Utd,DEF,44,1,0.096014005095166
597,André Onana,Man Utd,GKP,49,1,4.1139789107036435
617,Rasmus Højlund,Man Utd,FWD,70,1,0.8970067469510219
632,Omari Forson,Man Utd,MID,44,1,0.2146812280924355
669,Radek Vítek,Man Utd,GKP,40,1,-0.06222746744256846
685,Daniel Gore,Man Utd,MID,45,1,0.07075532337022084
695,Altay Bayindir,Man Utd,GKP,40,1,-0.061441081389895014
703,Jonny Evans,Man Utd,DEF,40,1,2.3045344065978566
709,Sofyan Amrabat,Man Utd,MID,50,1,0.5796571314325931
748,Joe Hugill,Man Utd,FWD,45,1,0.09229865667159953
766,Willy Kambwala,Man Utd,DEF,39,1,0.21693520971141145
768,Rhys Bennett,Man Utd,DEF,40,1,-0.04098798696861039
826,Toby Collyer,Man Utd,MID,45,1,0.07068275516638634
833,Habeeb Ogunneye,Man Utd,DEF,40,1,-0.04107567024008718
835,Dermot Mee,Man Utd,GKP,40,1,-0.04453785057409876
204,Lewis Hall,Newcastle,DEF,42,1,0.14222205821009537
402,Miguel Almirón Rejala,Newcastle,MID,60,1,2.1228635050044895
403,Elliot Anderson,Newcastle,MID,42,1,0.5526654702671843
404,Harrison Ashby,Newcastle,DEF,40,1,0.08405212148971863
405,Sven Botman,Newcastle,DEF,45,1,2.660535557867184
406,Bruno Guimarães Rodriguez Moura,Newcastle,MID,58,1,3.151029988252543
407,Dan Burn,Newcastle,DEF,44,1,2.7265778976868447
408,Karl Darlow,Newcastle,GKP,40,1,0.06245775000117426
409,Martin Dubravka,Newcastle,GKP,42,1,3.1913305213759102
410,Ryan Fraser,Newcastle,MID,49,1,0.30826394578049165
411,Mark Gillespie,Newcastle,GKP,39,1,0.03554656719684712
412,Anthony Gordon,Newcastle,MID,60,1,2.954694906011135
413,Isaac Hayden,Newcastle,MID,44,1,0.16784994587858282
414,Jeff Hendrick,Newcastle,MID,44,1,0.16786783007089345
415,Alexander Isak,Newcastle,FWD,76,1,3.7154717130959214
416,Joelinton Cássio Apolinário de Lira,Newcastle,MID,58,1,0.5667157288009512
417,Emil Krafth,Newcastle,DEF,44,1,0.5014462377259232
418,Garang Kuol,Newcastle,MID,45,1,0.19568484861619806
419,Jamaal Lascelles,Newcastle,DEF,39,1,0.10076588311640455
420,Jamal Lewis,Newcastle,DEF,40,1,0.08396272170364816
421,Sean Longstaff,Newcastle,MID,48,1,2.551054945325281
422,Javier Manquillo Gaitán,Newcastle,DEF,40,1,0.08439910761635183
423,Jacob Murphy,Newcastle,MID,48,1,2.3911994897679785
424,Nick Pope,Newcastle,GKP,53,1,0.5013482086102212
425,Matt Ritchie,Newcastle,MID,43,1,0.14350076158693958
426,Allan Saint-Maximin,Newcastle,MID,60,1,0.6174110713179679
427,Fabian Schär,Newcastle,DEF,55,1,3.346687645139474
428,Matt Targett,Newcastle,DEF,42,1,0.1412604499579314
429,Sandro Tonali,Newcastle,MID,52,1,0.4082446378502793
430,Kieran Trippier,Newcastle,DEF,67,1,2.098226696289055
431,Kell Watts,Newcastle,DEF,40,1,0.08459713937714908
432,Joe Willock,Newcastle,MID,53,1,2.528453399710896
433,Callum Wilson,Newcastle,FWD,78,1,1.1860580859074175
580,Loris Karius,Newcastle,GKP,39,1,0.03860289067061928
581,Paul Dummett,Newcastle,DEF,39,1,0.06061186433892607
603,Harvey Barnes,Newcastle,MID,62,1,1.003859214184524
633,Tino Livramento,Newcastle,DEF,41,1,2.0158688183232507
634,Alex Murphy,Newcastle,DEF,39,1,0.06209320963721965
635,Lewis Miley,Newcastle,MID,45,1,0.8418367443158814
738,Amadou Diallo,Newcastle,MID,45,1,0.19576528379334535
739,Ben Parkinson,Newcastle,FWD,45,1,0.2176921252174897
745,Michael Ndiweni,Newcastle,FWD,44,1,0.18925316090384303
794,Joe White,Newcastle,MID,45,1,0.2823734363775945
795,Travis Hernes,Newcastle,MID,45,1,0.19566500232910455
23,Nuno Varela Tavares,Nott'm Forest,DEF,40,1,0.23596372699379176
28,Matt Turner,Nott'm Forest,GKP,38,1,0.3125081938615346
205,Callum Hudson-Odoi,Nott'm Forest,MID,47,1,1.690725488830601
378,Anthony Elanga,Nott'm Forest,MID,51,1,2.4493951158720857
434,Brandon Aguilera Zamora,Nott'm Forest,MID,45,1,0.3434698496565487
435,Harry Arter,Nott'm Forest,MID,43,1,0.2892624513361115
436,Serge Aurier,Nott'm Forest,DEF,45,1,0.38158235283177966
437,Taiwo Awoniyi,Nott'm Forest,FWD,63,1,1.3468367593456647
438,Giulian Biancone,Nott'm Forest,DEF,39,1,0.20443412409092265
439,Willy Boly,Nott'm Forest,DEF,45,1,1.132359643916263
440,Josh Bowler,Nott'm Forest,MID,45,1,0.3434417497009672
441,Steve Cook,Nott'm Forest,DEF,45,1,0.37225452280859916
442,Danilo dos Santos de Oliveira,Nott'm Forest,MID,53,1,1.204453288373763
443,Emmanuel Dennis,Nott'm Forest,FWD,48,1,0.45106023595168265
444,Mohamed Dräger,Nott'm Forest,DEF,40,1,0.23239437679798214
445,Felipe Augusto de Almeida Monteiro,Nott'm Forest,DEF,44,1,0.44879369466053065
446,Remo Freuler,Nott'm Forest,MID,49,1,0.4559433291586976
447,Morgan Gibbs-White,Nott'm Forest,MID,57,1,3.406001784656494
448,Wayne Hennessey,Nott'm Forest,GKP,39,1,0.1848455707365968
449,Ethan Horvath,Nott'm Forest,GKP,43,1,0.2956177923285426
451,Cheikhou Kouyaté,Nott'm Forest,MID,48,1,0.5107254247254154
452,Richie Laryea,Nott'm Forest,DEF,45,1,0.3721640670920816
453,Orel Mangala,Nott'm Forest,MID,50,1,0.4842390979727016
454,Loïc Mbe Soh,Nott'm Forest,DEF,40,1,0.23231965441912972
455,Scott McKenna,Nott'm Forest,DEF,44,1,0.3450651444247179
456,Alex Mighten,Nott'm Forest,MID,44,1,0.3155559132760499
457,Moussa Niakhaté,Nott'm Forest,DEF,45,1,0.3743646665629605
458,Lewis O'Brien,Nott'm Forest,MID,49,1,0.4558954997364497
459,Braian Ojeda Rodríguez,Nott'm Forest,MID,45,1,0.3434396085732552
460,Jonathan Panzo,Nott'm Forest,DEF,40,1,0.23248276937429013
461,Omar Richards,Nott'm Forest,DEF,44,1,0.3442890399447802
462,Gustavo Henrique Furtado Scarpa,Nott'm Forest,MID,45,1,0.3436268760756811
463,Jonjo Shelvey,Nott'm Forest,MID,48,1,0.4279021512239436
464,Sam Surridge,Nott'm Forest,FWD,45,1,0.3666559081481022
465,Harry Toffolo,Nott'm Forest,DEF,44,1,2.5423987361088156
466,Hwang Ui-jo,Nott'm Forest,FWD,44,1,0.34067463297117095
467,Neco Williams,Nott'm Forest,DEF,43,1,2.5842017260403702
468,Chris Wood,Nott'm Forest,FWD,48,1,2.0789429069842473
469,Joe Worrall,Nott'm Forest,DEF,43,1,0.3168957558588905
470,Ryan Yates,Nott'm Forest,MID,48,1,2.5607348305424615
604,Olu Aina,Nott'm Forest,DEF,45,1,0.3750764621499256
636,George Shelvey,Nott'm Forest,GKP,39,1,0.18266116323483939
637,Josh Powell,Nott'm Forest,DEF,39,1,0.20626241814105928
679,Gonzalo Montiel,Nott'm Forest,DEF,44,1,0.34498745634727546
696,Murillo Santiago Costa dos Santos,Nott'm Forest,DEF,45,1,2.692904742224314
710,Odysseas Vlachodimos,Nott'm Forest,GKP,45,1,0.3520309072537078
711,Andrew Omobamidele,Nott'm Forest,DEF,45,1,1.9763885951214095
712,Nicolás Domínguez,Nott'm Forest,MID,50,1,1.9347075013265167
713,Ibrahim Sangaré,Nott'm Forest,MID,49,1,1.4160042806742048
714,Divock Origi,Nott'm Forest,FWD,50,1,2.2827690868404638
779,Jamie McDonnell,Nott'm Forest,MID,45,1,0.34346313329594236
780,Detlef Esapa Osong,Nott'm Forest,FWD,45,1,0.3650854885831547
781,Joe Gardner,Nott'm Forest,FWD,45,1,0.3651365503585826
801,Giovanni Reyna,Nott'm Forest,MID,47,1,0.3997320350475624
808,Matz Sels,Nott'm Forest,GKP,45,1,2.8897999722876286
809,Rodrigo Duarte Ribeiro,Nott'm Forest,FWD,45,1,0.3651157703120813
27,Auston Trusty,Sheffield Utd,DEF,39,1,1.8229408674298524
33,Cameron Archer,Sheffield Utd,FWD,42,1,-0.04917334160797149
255,Mason Holgate,Sheffield Utd,DEF,40,1,-0.16601249133788587
360,James McAtee,Sheffield Utd,MID,44,1,0.750188058823597
471,Anel Ahmedhodžić,Sheffield Utd,DEF,43,1,0.7585662490839018
472,Jordan Amissah,Sheffield Utd,GKP,39,1,-0.21626024923170306
473,George Baldock,Sheffield Utd,DEF,38,1,1.4542725903018217
474,Chris Basham,Sheffield Utd,DEF,39,1,-0.19411521105031404
476,Jayden Bogle,Sheffield Utd,DEF,45,1,2.2521979113717263
477,Rhian Brewster,Sheffield Utd,FWD,49,1,0.07491272070129928
478,Ismaila Coulibaly,Sheffield Utd,MID,44,1,-0.08722316591454649
479,Adam Davies,Sheffield Utd,GKP,40,1,-0.19041729678338049
480,John Egan,Sheffield Utd,DEF,43,1,-0.08626764207988413
481,John Fleck,Sheffield Utd,MID,49,1,0.052834097095983634
482,Wes Foderingham,Sheffield Utd,GKP,45,1,-0.047567336960626316
483,Daniel Jebbison,Sheffield Utd,FWD,48,1,0.04639490599467477
484,Max Lowe,Sheffield Utd,DEF,43,1,-0.08660257071780741
485,Oliver McBurnie,Sheffield Utd,FWD,54,1,1.8413041409976199
486,Iliman Ndiaye,Sheffield Utd,FWD,55,1,0.24296135324321044
487,Rhys Norrington-Davies,Sheffield Utd,DEF,39,1,-0.19710265931860704
488,Oliver Norwood,Sheffield Utd,MID,48,1,0.39565502026515853
489,Ben Osborn,Sheffield Utd,MID,48,1,2.108349070834978
490,William Osula,Sheffield Utd,FWD,43,1,0.636184686074142
576,Jack Robinson,Sheffield Utd,DEF,43,1,2.3851243411034626
587,Anis Slimane,Sheffield Utd,MID,47,1,-0.003096318519503094
592,Yasser Larouci,Sheffield Utd,DEF,43,1,-0.08643220669586349
593,Bénie Traoré,Sheffield Utd,FWD,51,1,0.1308641776682048
638,Vini de Souza Costa,Sheffield Utd,MID,50,1,1.8359174695473177
653,Femi Seriki,Sheffield Utd,DEF,39,1,-0.19841623810831466
654,Louie Marsh,Sheffield Utd,FWD,45,1,-0.03777735110220737
655,Andre Brooks,Sheffield Utd,MID,44,1,0.46080064011420685
656,Antwoine Hackford,Sheffield Utd,FWD,44,1,-0.065235182863432
663,Gustavo Hamer,Sheffield Utd,MID,49,1,2.760278541605088
666,Tom Davies,Sheffield Utd,MID,50,1,1.3101386355115965
693,Luke Thomas,Sheffield Utd,DEF,40,1,-0.17053287696960295
730,Ryan Oné,Sheffield Utd,MID,44,1,-0.08763572438750378
731,Jili Buyabu,Sheffield Utd,DEF,40,1,-0.17114219608799008
759,Sydie Peck,Sheffield Utd,MID,44,1,-0.08765048257569819
775,Ben Brereton,Sheffield Utd,MID,50,1,1.1024487322021925
790,Ivo Grbic,Sheffield Utd,GKP,45,1,2.9976580612473174
822,Billy Blacker,Sheffield Utd,FWD,45,1,-0.03788628840636987
823,Oliver Arblaster,Sheffield Utd,MID,45,1,1.405088453701564
827,Dovydas Sasnauskas,Sheffield Utd,DEF,40,1,-0.17133993983903906
828,Sam Curtis,Sheffield Utd,DEF,40,1,-0.17132919196044194
450,Brennan Johnson,Spurs,MID,58,1,2.7296625020719656
491,Brandon Austin,Spurs,GKP,39,1,-0.04853477605302747
492,Rodrigo Bentancur,Spurs,MID,54,1,1.3474416541429206
493,Yves Bissouma,Spurs,MID,50,1,2.2599026342759854
494,Bryan Gil Salvatierra,Spurs,MID,49,1,0.22259844759577296
495,Ben Davies,Spurs,DEF,43,1,0.08891951388110564
496,Eric Dier,Spurs,DEF,42,1,0.059879583325966435
497,Emerson Leite de Souza Junior,Spurs,DEF,43,1,0.8896416683329595
498,Fraser Forster,Spurs,GKP,38,1,-0.050640119718722065
499,Pierre-Emile Højbjerg,Spurs,MID,51,1,0.7349424870487606
500,Harry Kane,Spurs,FWD,125,1,2.387413571872615
501,Dejan Kulusevski,Spurs,MID,68,1,3.455906668814706
502,Hugo Lloris,Spurs,GKP,47,1,0.18126839705439868
503,Giovani Lo Celso,Spurs,MID,48,1,0.37065699772000715
504,James Maddison,Spurs,MID,80,1,3.879627898718018
505,Tanguy Ndombélé Alvaro,Spurs,MID,44,1,0.08440998561410717
506,Pedro Porro,Spurs,DEF,59,1,2.6747318333405965
507,Ivan Perišić,Spurs,DEF,47,1,0.205768433104224
509,Richarlison de Andrade,Spurs,MID,69,1,1.1019394905894373
510,Joe Rodon,Spurs,DEF,40,1,-0.0009266618562890905
511,Cristian Romero,Spurs,DEF,52,1,3.411508543238637
512,Davinson Sánchez,Spurs,DEF,44,1,0.11170137325501894
513,Pape Matar Sarr,Spurs,MID,44,1,1.4240475345414332
514,Ryan Sessegnon,Spurs,DEF,44,1,0.11074291173143647
515,Oliver Skipp,Spurs,MID,45,1,0.11135482479193759
516,Son Heung-min,Spurs,MID,101,1,5.532020643329137
517,Djed Spence,Spurs,DEF,40,1,0.001009135203684064
518,Japhet Tanganga,Spurs,DEF,40,1,0.0025685212540664804
519,Destiny Udogie,Spurs,DEF,50,1,2.8378886317082
520,Guglielmo Vicario,Spurs,GKP,53,1,3.0042063913515706
521,Alfie Whiteman,Spurs,GKP,39,1,-0.048441759797022144
583,Manor Solomon,Spurs,MID,51,1,0.279668701815857
639,Micky van de Ven,Spurs,DEF,44,1,1.299030195921711
640,Dane Scarlett,Spurs,FWD,45,1,0.1894727337544715
641,Alejo Véliz,Spurs,FWD,54,1,0.3851811048218097
702,Ashley Phillips,Spurs,DEF,40,1,-0.0007844592647998638
722,Jamie Donley,Spurs,FWD,45,1,0.13236498250709117
740,Alfie Dorrington,Spurs,DEF,40,1,-0.001329768228290007
754,Yago de Santiago Alonso,Spurs,MID,45,1,0.11008708869951156
776,Timo Werner,Spurs,FWD,63,1,2.346076557516753
777,Radu Dragusin,Spurs,DEF,42,1,1.0786789619553037
364,Kalvin Phillips,West Ham,MID,47,1,0.8759661434000447
522,Nayef Aguerd,West Ham,DEF,44,1,0.8840288330733119
523,Michail Antonio,West Ham,FWD,57,1,2.023694976571626
524,Alphonse Areola,West Ham,GKP,43,1,3.8979693295978097
525,Saïd Benrahma,West Ham,MID,56,1,0.556179692157162
526,Jarrod Bowen,West Ham,MID,79,1,4.318877165776287
527,Maxwel Cornet,West Ham,MID,52,1,0.43950607591070145
528,Vladimír Coufal,West Ham,DEF,46,1,2.9412842276853945
529,Conor Coventry,West Ham,MID,43,1,0.18690189095871723
530,Aaron Cresswell,West Ham,DEF,42,1,1.0853687725731387
531,Flynn Downes,West Ham,MID,50,1,0.38268069788388814
532,Emerson Palmieri dos Santos,West Ham,DEF,44,1,1.7806734883350566
533,Lukasz Fabianski,West Ham,GKP,42,1,0.18290955283435828
534,Pablo Fornals Malla,West Ham,MID,46,1,0.2707769287894761
535,Danny Ings,West Ham,FWD,56,1,0.8963223595569929
536,Ben Johnson,West Ham,DEF,44,1,0.5275108791187368
537,Thilo Kehrer,West Ham,DEF,42,1,0.1877000996758844
538,Divin Mubama,West Ham,FWD,41,1,0.2264181028223926
539,Lucas Tolentino Coelho de Lima,West Ham,MID,60,1,3.285520795864198
541,Gianluca Scamacca,West Ham,FWD,60,1,0.6852583588665591
542,Tomáš Souček,West Ham,MID,49,1,2.869684617777256
543,Nikola Vlašić,West Ham,MID,45,1,0.24272734731169243
544,Kurt Zouma,West Ham,DEF,45,1,2.055233693314628
577,Angelo Ogbonna,West Ham,DEF,43,1,0.27197548709892727
642,Edson Álvarez Velázquez,West Ham,MID,50,1,2.5694268064677366
647,Joseph Anang,West Ham,GKP,40,1,0.10966546274861022
664,James Ward-Prowse,West Ham,MID,59,1,2.009136447202901
676,Konstantinos Mavropanos,West Ham,DEF,45,1,2.637930348324802
689,Mohammed Kudus,West Ham,MID,68,1,3.6804783062976836
773,Lewis Orford,West Ham,MID,45,1,0.24210904279198364
774,Kaelan Casey,West Ham,DEF,40,1,0.13056547583367295
784,Oliver Scarles,West Ham,DEF,40,1,0.1304825109551755
785,Callum Marshall,West Ham,FWD,45,1,0.2636030993899745
829,George Earthy,West Ham,MID,45,1,0.24208738653421236
351,Tommy Doyle,Wolves,MID,44,1,2.13943539485488
545,Rayan Aït-Nouri,Wolves,DEF,46,1,2.916567970227088
546,Daniel Bentley,Wolves,GKP,39,1,0.49201957763785353
547,Bendegúz Bolla,Wolves,DEF,40,1,-0.08416714211979448
548,Hugo Bueno López,Wolves,DEF,44,1,0.4605590799952006
549,Francisco Jorge Tomás Oliveira,Wolves,MID,45,1,0.02216543243961855
550,Luke Cundle,Wolves,MID,45,1,0.022235196671145596
551,Craig Dawson,Wolves,DEF,45,1,1.1495284607237624
552,Fábio Silva,Wolves,FWD,52,1,0.24264841516338165
554,Gonçalo Manuel Ganchinho Guedes,Wolves,MID,54,1,0.2754014518675407
555,Joe Hodge,Wolves,MID,44,1,-0.00532581206955407
556,Ki-Jana Hoever,Wolves,DEF,40,1,-0.08907929280301485
557,Hwang Hee-chan,Wolves,MID,54,1,0.3778099552497389
559,João Victor Gomes da Silva,Wolves,MID,49,1,1.436504460381287
560,Jonathan Castro Otto,Wolves,DEF,43,1,-0.0047810501563503305
561,Bruno Cavaco Jordão,Wolves,MID,43,1,-0.031265015414066566
562,Sasa Kalajdzic,Wolves,FWD,49,1,0.15756201121669267
563,Max Kilman,Wolves,DEF,45,1,2.231807990329711
564,Tom King,Wolves,GKP,39,1,-0.12900430298220056
565,Mario Lemina,Wolves,MID,49,1,2.3517355185250572
567,Pedro Lomba Neto,Wolves,MID,56,1,1.5897660665134246
568,Daniel Castelo Podence,Wolves,MID,53,1,0.24741129249389182
569,José Malheiro de Sá,Wolves,GKP,50,1,2.2859091860843095
570,Pablo Sarabia,Wolves,MID,47,1,2.716049821871464
571,Matija Šarkić,Wolves,GKP,40,1,-0.10733563809614122
572,Nélson Cabral Semedo,Wolves,DEF,45,1,2.279030057680915
573,Toti António Gomes,Wolves,DEF,44,1,1.4303095931372947
574,Boubacar Traoré,Wolves,MID,43,1,0.13859921028511368
590,Matheus Santos Carneiro Da Cunha,Wolves,FWD,55,1,0.36495668414910143
598,Matt Doherty,Wolves,DEF,43,1,0.22540929505771046
697,Santiago Bueno,Wolves,DEF,45,1,1.069734897149838
698,Enso González,Wolves,MID,50,1,0.1628345430296474
704,Nathan Fraser,Wolves,FWD,45,1,1.6305080882193517
715,Jean-Ricner Bellegarde,Wolves,MID,49,1,1.5307236457703537
749,Matthew Whittingham,Wolves,MID,45,1,0.022156971734619058
750,Tawanda Chirewa,Wolves,MID,44,1,0.2760304501200541
751,Justin Hubner,Wolves,DEF,40,1,-0.08908666106750562
769,Owen Hesketh,Wolves,MID,45,1,0.022107625348451787
770,Ty Barnett,Wolves,MID,45,1,0.022180074649407855
787,Harvey Griffiths,Wolves,MID,45,1,0.022153441672936758
788,Yerson Mosquera,Wolves,DEF,40,1,-0.08965718966303982
800,Noha Lemina,Wolves,MID,50,1,0.16275039235518873
832,Wesley Okoduwa,Wolves,DEF,40,1,-0.0896161976106129
836,Leon Chiwome,Wolves,FWD,45,1,0.01423545541901361
840,Fletcher Holman,Wolves,FWD,45,1,0.35781280947306704
